Word,Cluster
duchess,0
singlehandedly,1
choose,2
skill,3
lure,4
optimum,5
hauntingly,6
procure,7
stupidly,8
invigorate,9
tyrannical,10
sneak,11
leek,12
unilaterally,13
spiffy,14
dilemma,15
misinformation,16
taco,17
ovation,18
sea,19
crevice,20
sayers,21
fearful,22
motherfuckers,23
gunk,24
underscore,25
stupidity,26
usual,27
prejudge,28
culture,29
ulcer,30
password,31
getters,32
gruesome,33
dorsal,34
statutory,35
liquorice,36
strong,37
refusal,38
truthful,39
advise,40
qualify,41
prose,42
surely,43
somerset,44
abnormally,45
rho,46
heroism,47
detestable,48
donation,49
luxury,50
vehemently,51
misdemeanor,52
shills,53
toad,54
haired,55
whale,56
nutritional,57
outshine,58
gaming,59
psychology,60
mile,61
stitch,62
terrace,63
lustful,64
joy,65
proselytize,66
omniscient,67
naysayer,68
sapphire,69
tell,70
deception,71
grandpa,72
woodland,73
peter,74
populace,75
whiskey,76
curry,77
refinance,78
groovy,79
invention,80
variable,81
tasty,82
wicket,83
depression,84
unlawfully,85
thankfully,86
teaspoon,87
lightly,88
obstructionist,89
play,90
symbolize,91
satin,92
unrelenting,93
venison,94
thy,95
wash,96
yellowish,97
unemployment,98
bedroom,99
govt,100
allergy,101
dick,102
shaft,103
unborn,104
reluctant,105
grim,106
refrigerator,107
violin,108
purple,109
republican,110
tiresome,111
silently,112
thunder,113
fervent,114
hormone,115
acidic,116
everlasting,117
horrendously,118
hypocritical,119
thin,120
logarithmic,121
selectable,122
output,123
stinky,124
collaborative,125
incarcerate,126
sudden,127
violent,128
skirt,129
astonishment,130
slurp,131
nominee,132
nude,133
ostentatious,134
mustache,135
pumpkin,136
sparkle,137
microbe,138
massive,139
theism,140
increase,141
unimportant,142
yell,143
unalienable,144
loathe,145
reporter,146
tranquil,147
comparison,148
explosion,149
pain,150
lampshade,151
dioxide,152
recital,153
supervise,154
contrive,155
military,156
manure,157
mountainous,158
suggestion,159
desolate,160
protection,161
headphone,162
technique,163
song,164
puppy,165
ecologist,166
rotational,167
flap,168
killing,169
gilbert,170
happenstance,171
capacitor,172
expire,173
rehabilitation,174
chamomile,175
strangely,176
overcast,177
rhythmic,178
softness,179
cucumber,180
tragic,181
liquid,182
nullify,183
mysteriously,184
enthusiast,185
uneducated,186
plethora,187
yup,188
madness,189
teaching,190
recreational,191
lest,192
radically,193
nightstand,194
ranting,195
painter,196
preposterous,197
polite,198
workarounds,199
suffering,200
investor,201
plastic,202
outfield,203
protagonist,204
pine,205
winter,206
spokesperson,207
sorrow,208
prayer,209
stunningly,210
titillate,211
inhale,212
blogs,213
gorgeous,214
risotto,215
seller,216
overweight,217
compatible,218
lamp,219
apprenticeship,220
magician,221
workaholic,222
trash,223
vital,224
pricey,225
paragraph,226
morning,227
nationalism,228
supplier,229
bicep,230
slander,231
prudence,232
execution,233
magnesium,234
inspection,235
diarrhea,236
theology,237
website,238
touchdown,239
lime,240
freethinking,241
walnut,242
guitarist,243
objectify,244
emotional,245
tout,246
moose,247
vagina,248
worldwide,249
countryman,250
novice,251
stepson,252
translator,253
binging,254
gentlemanly,255
heron,256
reexamine,257
uninspiring,258
smirk,259
piston,260
mandatory,261
sprout,262
eyebrow,263
placate,264
willow,265
working,266
mangrove,267
continual,268
thirteen,269
phone,270
airplane,271
marble,272
television,273
unlikely,274
terrify,275
lethal,276
objectivity,277
grill,278
technological,279
cockroach,280
rind,281
tectonics,282
nearby,283
insure,284
undergraduate,285
planet,286
maim,287
menstruation,288
sexiness,289
keypad,290
inflate,291
debut,292
particular,293
purse,294
birdwatcher,295
distinguish,296
heroin,297
collectivist,298
implicitly,299
jealous,300
diabetic,301
intolerant,302
totalitarianism,303
negligible,304
brigade,305
cupcake,306
sombre,307
foresee,308
espresso,309
salami,310
oily,311
sunbathe,312
wall,313
strategy,314
matte,315
morality,316
affection,317
dead,318
stupid,319
egotistical,320
mutant,321
schematic,322
rodent,323
provincial,324
mystical,325
supermarket,326
townhouse,327
verdict,328
sedan,329
hairstyle,330
pedophilia,331
poker,332
physician,333
offensively,334
temple,335
syrup,336
scumbags,337
shortstop,338
spunky,339
notorious,340
slowly,341
trustee,342
embassy,343
wrench,344
protozoan,345
motorway,346
shameful,347
sexism,348
fictitious,349
attainable,350
crotch,351
honeymoon,352
radioactivity,353
lowlifes,354
mommy,355
turbulent,356
sausage,357
seize,358
revive,359
ultrasound,360
fad,361
gazillion,362
subcommittee,363
diaphragm,364
thermostat,365
conclusion,366
bozos,367
homelessness,368
semifinal,369
prince,370
snoopy,371
sniper,372
evil,373
putt,374
hilariously,375
legalization,376
orbital,377
kayak,378
solstice,379
predisposition,380
tub,381
striker,382
electrode,383
substantial,384
preclude,385
decentralize,386
writing,387
surprisingly,388
dragonfly,389
movie,390
muddy,391
insurgent,392
sequel,393
haller,394
photography,395
understate,396
telepathy,397
sufficient,398
undies,399
squid,400
maintain,401
catastrophic,402
million,403
swine,404
forehead,405
testimony,406
tonality,407
ungodly,408
masterly,409
beetroot,410
atmosphere,411
nitpicking,412
workout,413
transportation,414
likewise,415
cognitive,416
thumb,417
jambalaya,418
sustainable,419
clockwise,420
scientifically,421
fuselage,422
unwind,423
pork,424
recharger,425
shoe,426
slobber,427
smallness,428
hombres,429
trout,430
heifer,431
toner,432
woman,433
diagnostics,434
astound,435
astronautics,436
mistrust,437
terrible,438
porcelain,439
celebration,440
petroleum,441
reliable,442
sofa,443
writhe,444
crash,445
oatmeal,446
plump,447
rappers,448
uranium,449
intimidate,450
offering,451
week,452
autistic,453
vision,454
redneck,455
outdoor,456
permanently,457
fetish,458
juicers,459
awake,460
parenthood,461
noisy,462
exhume,463
deactivate,464
coffin,465
limb,466
tomato,467
graciously,468
disciple,469
dealerships,470
wharf,471
okay,472
erectile,473
viola,474
disproportionately,475
rear,476
eyeshadow,477
girlfriend,478
need,479
visa,480
remarkable,481
institutionalize,482
subtlety,483
vest,484
libertarianism,485
psalm,486
unselfishly,487
kindergarten,488
softball,489
porno,490
vulgar,491
brew,492
wheel,493
culinary,494
catholic,495
splendor,496
undefeated,497
affect,498
catfish,499
testicle,500
figurine,501
rusher,502
nation,503
tenderloin,504
vapor,505
misogynistic,506
mobster,507
sec,508
knee,509
unwanted,510
prophesy,511
treadmill,512
uninhabitable,513
weird,514
weld,515
energy,516
atomic,517
incense,518
pharmaceutical,519
interstellar,520
homosexual,521
subjugate,522
geographical,523
probably,524
arbitrator,525
repeal,526
ballet,527
renovate,528
spoonful,529
recent,530
vintage,531
wastewater,532
unfairness,533
desalinization,534
secular,535
psychoactive,536
psychologically,537
whiny,538
surgical,539
muffin,540
wrangler,541
rectangular,542
prostate,543
plug,544
simmer,545
extortion,546
chimpanzee,547
niece,548
intention,549
synagogue,550
unmatched,551
village,552
psychologist,553
forensics,554
ejecta,555
wheat,556
corny,557
whimsy,558
sunshine,559
shrub,560
tourist,561
handgun,562
tightly,563
surrounding,564
instance,565
continually,566
theater,567
yin,568
taxation,569
reckless,570
filibuster,571
impeachment,572
jeans,573
climatic,574
womanhood,575
torque,576
confrontational,577
savior,578
geological,579
outbound,580
lasagna,581
mantas,582
uprising,583
hacker,584
crowd,585
soothe,586
geometrical,587
noble,588
unselfish,589
frigid,590
fiasco,591
species,592
workshop,593
rainfall,594
irony,595
neuronal,596
peso,597
thoughtful,598
skillfully,599
explanatory,600
onerous,601
purposely,602
necklace,603
mutation,604
employer,605
mustang,606
vaccine,607
righteousness,608
discriminatory,609
hide,610
pudding,611
charger,612
unwelcoming,613
rondo,614
stairway,615
socialism,616
millionaire,617
adulthood,618
bunion,619
grammatical,620
laxative,621
perfume,622
poisonous,623
turks,624
stylist,625
motorcyclist,626
peach,627
legislature,628
phony,629
wool,630
complacency,631
unrestrained,632
cosmonaut,633
steel,634
illustration,635
shriek,636
strap,637
stallion,638
obsessive,639
unbearable,640
mosquito,641
whoop,642
tiny,643
forklift,644
crossing,645
thesaurus,646
decompiling,647
encode,648
tutu,649
lens,650
precise,651
ideology,652
wretched,653
wishy,654
punishment,655
sperm,656
nutritious,657
peony,658
skateboarding,659
removable,660
slight,661
contrails,662
efficiently,663
rubber,664
lunch,665
notoriety,666
moron,667
truck,668
brothel,669
recursive,670
paperback,671
taxis,672
appeaser,673
fungal,674
transplantation,675
irrigation,676
shakiness,677
parrot,678
shooting,679
volcano,680
convert,681
lawyer,682
conquest,683
revile,684
nepotism,685
womens,686
scuba,687
strikeouts,688
prescription,689
acreage,690
vomit,691
vertical,692
gemstone,693
metamorphic,694
flora,695
turbocharger,696
wreak,697
guppy,698
cowgirl,699
experimentation,700
snuggle,701
scorn,702
crunchy,703
farmhouse,704
usually,705
modulation,706
prisoner,707
nefarious,708
bishop,709
hurray,710
masonic,711
futile,712
pedophile,713
nerdy,714
modern,715
minimum,716
sturdy,717
seaweed,718
evolutionary,719
tranquility,720
underneath,721
mph,722
plumber,723
transmitter,724
unnecessary,725
toilet,726
descendant,727
wayward,728
empathy,729
godless,730
highway,731
reprimand,732
underemployed,733
notebook,734
late,735
healing,736
bike,737
unearth,738
southeast,739
moronic,740
medalist,741
monastery,742
terrier,743
herpes,744
unaware,745
fundamentalist,746
tintype,747
portrayal,748
exemplify,749
mankind,750
headlight,751
umpire,752
money,753
stopover,754
chocoholics,755
respiratory,756
impede,757
agriculture,758
motivate,759
jailbreak,760
joyous,761
meteor,762
wonder,763
drastically,764
disinfectant,765
befall,766
memoir,767
baptismal,768
dilation,769
cityscapes,770
cinematography,771
reflector,772
philanthropy,773
detection,774
unrecognizable,775
motel,776
causation,777
toe,778
pragmatically,779
uproar,780
magnification,781
irrefutable,782
reattach,783
pleasurable,784
harmony,785
pesticide,786
vikings,787
jess,788
iffy,789
sink,790
recline,791
injection,792
pernicious,793
fella,794
fide,795
departure,796
wristwatch,797
oligopoly,798
oceanography,799
coolly,800
methanol,801
congregation,802
peanut,803
lobster,804
optical,805
southeastern,806
popcorn,807
taxpayer,808
lunatic,809
wholeheartedly,810
glitches,811
toothpaste,812
musky,813
weatherman,814
creativity,815
passageway,816
missile,817
sultry,818
mislead,819
whitetail,820
unwieldy,821
personalize,822
repentance,823
thinker,824
lovemaking,825
metaphorically,826
lacy,827
router,828
pronunciation,829
intrude,830
wren,831
descend,832
sheep,833
complicity,834
cauliflower,835
inhumane,836
sanitation,837
pigmentation,838
tenant,839
mourn,840
starvation,841
takeover,842
potter,843
verbena,844
teapot,845
lupus,846
disparage,847
police,848
freewheel,849
nomadic,850
snake,851
gasoline,852
raspberry,853
luminance,854
snowstorm,855
laboratory,856
sensor,857
signore,858
sail,859
revoke,860
satirical,861
underprivileged,862
vanish,863
sheriff,864
fallacy,865
madly,866
picture,867
burning,868
smack,869
quake,870
apocalyptic,871
outward,872
slavery,873
sword,874
backwards,875
truce,876
quart,877
midtown,878
scaremongering,879
witty,880
toy,881
unthinking,882
senator,883
heretic,884
redistribution,885
terrine,886
unsubstantiated,887
airliner,888
thankful,889
calculation,890
trudge,891
silliness,892
tuxedo,893
sept,894
retinal,895
incessantly,896
urine,897
nephew,898
meditative,899
spacewalks,900
satiate,901
preacher,902
desktops,903
transgression,904
quarto,905
absent,906
malady,907
dose,908
ion,909
treatment,910
exonerate,911
railway,912
certification,913
analogue,914
skull,915
spherical,916
knock,917
evaluate,918
immigrate,919
silverware,920
unwavering,921
upstream,922
pedicure,923
bareback,924
decorative,925
jingoistic,926
airline,927
encrypt,928
window,929
writer,930
coalition,931
undergrowth,932
astrophysics,933
wan,934
vertically,935
advisor,936
negligent,937
fermentation,938
mythological,939
upstairs,940
squirrel,941
kidnap,942
orifice,943
noun,944
mindset,945
dollar,946
prediction,947
jute,948
purchase,949
relativity,950
flower,951
fortress,952
cool,953
piss,954
relieve,955
positivist,956
trendy,957
superman,958
watchful,959
grumpy,960
extraction,961
extra,962
relinquish,963
refraction,964
exploitive,965
arty,966
essayer,967
cute,968
goose,969
hive,970
spinal,971
ferro,972
splendorous,973
property,974
judiciary,975
sociopath,976
redhead,977
tobacco,978
newborn,979
schooner,980
regulatory,981
plaid,982
send,983
pencil,984
microprocessor,985
migraine,986
burgers,987
river,988
gown,989
beta,990
sticker,991
catching,992
mathematics,993
pony,994
holographic,995
sunscreen,996
karmic,997
limitless,998
quick,999